{
  "best_params": {
    "max_depth": 10,
    "learning_rate": 0.22585146079029164,
    "n_estimators": 993,
    "subsample": 0.7695400217492376,
    "colsample_bytree": 0.7618071086660189,
    "reg_alpha": 3.1656657529328465,
    "reg_lambda": 3.6552877194086713,
    "min_child_weight": 2,
    "gamma": 0.44991426679366886,
    "objective": "binary:logistic",
    "eval_metric": "auc",
    "random_state": 42,
    "n_jobs": -1
  },
  "best_score": 0.8330205103970534,
  "n_trials": 30,
  "optimization_date": "2025-09-14T11:39:12.167468"
}